{
  "name": "angular-mocks",
  "version": "1.3.15",
  "main": "./angular-mocks.js",
  "ignore": [],
  "dependencies": {
    "angular": "1.3.15"
  },
  "homepage": "https://github.com/angular/bower-angular-mocks",
  "_release": "1.3.15",
  "_resolution": {
    "type": "version",
    "tag": "v1.3.15",
    "commit": "1ffdfef850b10d40f2838c1bba41a95755c2d8da"
  },
  "_source": "git://github.com/angular/bower-angular-mocks.git",
  "_target": "~1.3.15",
  "_originalSource": "angular-mocks",
  "_direct": true
}